
insert into public.medical_sources (title, url, publisher, source_type, notes) values
  ('MedlinePlus Fractures', 'https://medlineplus.gov/fractures.html', 'MedlinePlus / NIH', 'medical_reference', 'fractures'),
  ('Merck Manual - Overview of Fractures', 'https://www.merckmanuals.com/home/injuries-and-poisoning/fractures/overview-of-fractures', 'Merck Manual Consumer Version', 'medical_reference', 'fractures'),
  ('NHS - Broken or bruised ribs', 'https://www.nhs.uk/conditions/broken-or-bruised-ribs/', 'NHS', 'medical_reference', 'rib injuries'),
  ('MedlinePlus - Compression fractures of the back', 'https://medlineplus.gov/ency/article/000443.htm', 'MedlinePlus / NIH', 'medical_reference', 'spine'),
  ('MedlinePlus - Arm Injuries and Disorders', 'https://medlineplus.gov/arminjuriesanddisorders.html', 'MedlinePlus / NIH', 'medical_reference', 'upper limb'),
  ('Cleveland Clinic - Broken Arm', 'https://my.clevelandclinic.org/health/diseases/broken-arm-fractured-arm', 'Cleveland Clinic', 'medical_reference', 'upper limb fractures'),
  ('MedlinePlus - Hip Injuries and Disorders', 'https://medlineplus.gov/hipinjuriesanddisorders.html', 'MedlinePlus / NIH', 'medical_reference', 'hip pelvis'),
  ('MedlinePlus - Foot Injuries and Disorders', 'https://medlineplus.gov/footinjuriesanddisorders.html', 'MedlinePlus / NIH', 'medical_reference', 'foot'),
  ('Johns Hopkins Medicine - Facial Trauma', 'https://www.hopkinsmedicine.org/health/conditions-and-diseases/facial-trauma', 'Johns Hopkins Medicine', 'medical_reference', 'facial trauma'),
  ('NCBI Bookshelf - Nasal Fracture Reduction', 'https://www.ncbi.nlm.nih.gov/sites/books/NBK538299/', 'NCBI Bookshelf / StatPearls', 'medical_reference', 'nasal fractures'),
  ('Johns Hopkins Medicine - Kneecap Fractures', 'https://www.hopkinsmedicine.org/health/conditions-and-diseases/kneecap-fractures', 'Johns Hopkins Medicine', 'medical_reference', 'patella');

insert into public.anatomy_structures (slug, name_ro, name_latin, tissue, body_region, model_selection_id, description_ro, function_ro) values
  ('frontal', 'Os frontal', 'Os frontale', 'os', 'cap_craniu', 'frontal', 'Os plat ce formează fruntea și partea anterioară a bolții craniene.', 'Protejează lobii frontali ai creierului și formează plafonul orbitelor.'),
  ('parietal', 'Oase parietale', 'Os parietale', 'os', 'cap_craniu', 'parietal', 'Două oase pereche ce alcătuiesc părțile laterale și superioare ale calotei craniene.', 'Protejează emisferele cerebrale.'),
  ('temporal', 'Oase temporale', 'Os temporale', 'os', 'cap_craniu', 'temporal', 'Conțin urechea internă și medie; situate lateral, sub parietale.', 'Adăpostesc structurile auditive și de echilibru.'),
  ('occipital', 'Os occipital', 'Os occipitale', 'os', 'cap_craniu', 'occipital', 'Os posterior al craniului, cu marele orificiu (foramen magnum).', 'Permite trecerea măduvei spinării și protejează cerebelul.'),
  ('sfenoid', 'Os sfenoid', 'Os sphenoidale', 'os', 'cap_craniu', 'sfenoid', 'Os central în formă de fluture, articulat cu toate celelalte oase craniene.', 'Susține baza craniului și conține șaua turcească pentru hipofiză.'),
  ('etmoid', 'Os etmoid', 'Os ethmoidale', 'os', 'cap_craniu', 'etmoid', 'Os ușor și spongios, situat între orbite, formând tavanul cavității nazale.', 'Suport pentru mucoasa olfactivă; conține celulele etmoidale.'),
  ('maxilar', 'Maxilare', 'Maxilla', 'os', 'fata', 'maxilar', 'Formează mandibula superioară și conțin alveolele dentare superioare.', 'Susțin dentiția superioară și formează plafonul cavității bucale.'),
  ('mandibula', 'Mandibulă', 'Mandibula', 'os', 'fata', 'mandibula', 'Singurul os mobil al craniului; formează maxilarul inferior.', 'Permite masticația și articularea vorbirii.'),
  ('zigomatic', 'Oase zigomatice', 'Os zygomaticum', 'os', 'fata', 'zigomatic', 'Oasele pomeților obrajilor.', 'Conturează fața și protejează lateral orbitele.'),
  ('nazal', 'Oase nazale', 'Os nasale', 'os', 'fata', 'nazal', 'Două oase mici ce formează puntea nasului.', 'Susțin partea superioară a piramidei nazale.'),
  ('lacrimal', 'Oase lacrimale', 'Os lacrimale', 'os', 'fata', 'lacrimal', 'Cele mai mici oase ale feței, situate în peretele medial al orbitei.', 'Conțin canalul nazo-lacrimal.'),
  ('palatin', 'Oase palatine', 'Os palatinum', 'os', 'fata', 'palatin', 'Formează partea posterioară a palatului dur.', 'Separă cavitatea bucală de cea nazală.'),
  ('vomer', 'Vomer', 'Vomer', 'os', 'fata', 'vomer', 'Os subțire ce formează partea inferioară a septului nazal.', 'Divide cavitatea nazală în două fose.'),
  ('cornet-inf', 'Cornete nazale inferioare', 'Concha nasalis inferior', 'os', 'fata', 'cornet-inf', 'Lame osoase încârligate în peretele lateral al cavității nazale.', 'Încălzesc și umidifică aerul inspirat.'),
  ('ciocan', 'Ciocane (Maleole)', 'Malleus', 'os', 'ureche_medie', 'ciocan', 'Cel mai mare osișor al urechii medii, atașat de timpan.', 'Transmite vibrațiile timpanului către nicovală.'),
  ('nicovala', 'Nicovale', 'Incus', 'os', 'ureche_medie', 'nicovala', 'Os în formă de nicovală, situat între ciocan și scăriță.', 'Continuă transmiterea vibrațiilor sonore.'),
  ('scarita', 'Scărițe', 'Stapes', 'os', 'ureche_medie', 'scarita', 'Cel mai mic os din corp; sprijinit pe fereastra ovală.', 'Transmite vibrațiile către urechea internă.'),
  ('hioid', 'Os hioid', 'Os hyoideum', 'os', 'gat', 'hioid', 'Os în formă de potcoavă, suspendat în gât, fără articulații cu alte oase.', 'Punct de inserție pentru mușchii limbii și ai laringelui.'),
  ('vert-cervicale', 'Vertebre cervicale (C1–C7)', 'Vertebrae cervicales', 'os', 'coloana', 'vert-cervicale', 'Cele 7 vertebre ale gâtului, cu Atlas (C1) și Axis (C2) ca primele două.', 'Susțin capul și permit rotația și flexia gâtului.'),
  ('vert-toracice', 'Vertebre toracice (T1–T12)', 'Vertebrae thoracicae', 'os', 'coloana', 'vert-toracice', 'Vertebrele zonei toracice, articulate cu coastele.', 'Punct de inserție pentru coaste; protejează măduva.'),
  ('vert-lombare', 'Vertebre lombare (L1–L5)', 'Vertebrae lumbales', 'os', 'coloana', 'vert-lombare', 'Cele mai mari vertebre, situate în zona inferioară a spatelui.', 'Susțin greutatea trunchiului superior.'),
  ('sacrum', 'Sacrum', 'Os sacrum', 'os', 'coloana', 'sacrum', 'Os triunghiular format prin fuziunea a 5 vertebre sacrale.', 'Conectează coloana cu pelvisul.'),
  ('coccis', 'Coccis', 'Os coccygis', 'os', 'coloana', 'coccis', 'Vârful coloanei, format din 3–5 vertebre fuzionate.', 'Punct de atașare pentru mușchii planșeului pelvian.'),
  ('stern', 'Stern', 'Sternum', 'os', 'torace', 'stern', 'Os plat central al toracelui, format din manubriu, corp și apendicele xifoid.', 'Protejează inima și plămânii; punct de inserție pentru coaste.'),
  ('coaste', 'Coaste', 'Costae', 'os', 'torace', 'coaste', '12 perechi: 7 adevărate, 3 false, 2 flotante.', 'Formează cutia toracică și protejează organele vitale.'),
  ('clavicula', 'Clavicule', 'Clavicula', 'os', 'umar_centura_scapulara', 'clavicula', 'Os lung în formă de S, situat orizontal deasupra primei coaste.', 'Conectează membrul superior de torace.'),
  ('scapula', 'Scapule (omoplați)', 'Scapula', 'os', 'umar_centura_scapulara', 'scapula', 'Oase plate triunghiulare situate posterior pe torace.', 'Articulație pentru humerus; mobilitate amplă a brațului.'),
  ('humerus', 'Humerus', 'Humerus', 'os', 'brat', 'humerus', 'Cel mai mare os al membrului superior, între umăr și cot.', 'Suport pentru mușchii brațului; permite mișcările umărului.'),
  ('radius', 'Radius', 'Radius', 'os', 'antebrat', 'radius', 'Osul lateral al antebrațului, pe partea policelui.', 'Permite rotația antebrațului (pronație/supinație).'),
  ('ulna', 'Ulnă (cubitus)', 'Ulna', 'os', 'antebrat', 'ulna', 'Osul medial al antebrațului, formează vârful cotului.', 'Stabilizează articulația cotului.'),
  ('carp', 'Oase carpiene', 'Ossa carpi', 'os', 'mana', 'carp', '8 oase pe fiecare mână, dispuse pe două rânduri (scafoid, semilunar, piramidal etc.).', 'Formează încheietura mâinii; permit mobilitate fină.'),
  ('metacarp', 'Metacarpiene', 'Ossa metacarpi', 'os', 'mana', 'metacarp', '5 oase lungi în palma fiecărei mâini.', 'Susțin palma și articulează degetele.'),
  ('falange-mana', 'Falange (mână)', 'Phalanges manus', 'os', 'mana', 'falange-mana', '14 falange pe mână: 2 pentru police, 3 pentru fiecare deget.', 'Permit mișcarea fină a degetelor.'),
  ('coxal', 'Oase coxale', 'Os coxae', 'os', 'pelvis', 'coxal', 'Fiecare format din ilion, ischion și pubis fuzionate.', 'Formează pelvisul; suportă greutatea trunchiului.'),
  ('femur', 'Femur', 'Femur', 'os', 'coapsa_sold_genunchi', 'femur', 'Cel mai lung și puternic os din corp.', 'Suportă greutatea corpului în mers și sprijin.'),
  ('rotula', 'Rotule (patelă)', 'Patella', 'os', 'coapsa_sold_genunchi', 'rotula', 'Os sesamoid în fața articulației genunchiului.', 'Protejează genunchiul și optimizează acțiunea cvadricepsului.'),
  ('tibia', 'Tibia', 'Tibia', 'os', 'gamba', 'tibia', 'Osul medial și mai gros al gambei.', 'Suportă greutatea corpului între genunchi și gleznă.'),
  ('fibula', 'Fibulă (peroneu)', 'Fibula', 'os', 'gamba', 'fibula', 'Osul subțire lateral al gambei.', 'Stabilizează glezna; punct de inserție musculară.'),
  ('tars', 'Oase tarsiene', 'Ossa tarsi', 'os', 'picior', 'tars', '7 oase pe picior, inclusiv calcaneu (călcâi) și astragal.', 'Formează glezna și partea posterioară a piciorului.'),
  ('metatars', 'Metatarsiene', 'Ossa metatarsi', 'os', 'picior', 'metatars', '5 oase lungi în partea mijlocie a fiecărui picior.', 'Susțin bolta plantară și transferă greutatea.'),
  ('falange-picior', 'Falange (picior)', 'Phalanges pedis', 'os', 'picior', 'falange-picior', '14 falange pe picior: 2 pentru haluce, 3 pentru fiecare deget.', 'Permit propulsia în mers și echilibrul.')
on conflict (slug) do update set
  name_ro = excluded.name_ro,
  name_latin = excluded.name_latin,
  tissue = excluded.tissue,
  body_region = excluded.body_region,
  model_selection_id = excluded.model_selection_id,
  description_ro = excluded.description_ro,
  function_ro = excluded.function_ro,
  updated_at = now();

insert into public.ai_knowledge_entries (tissue, structure_slug, model_selection_id, body_region, category, title_ro, content_ro, priority) values
  ('os', 'frontal', 'frontal', 'cap_craniu', 'anatomie', 'Context anatomic: Os frontal', 'Os plat ce formează fruntea și partea anterioară a bolții craniene. Funcție principală: Protejează lobii frontali ai creierului și formează plafonul orbitelor.', 7),
  ('os', 'frontal', 'frontal', 'cap_craniu', 'simptome', 'Simptome posibile pentru Os frontal', 'durere locală după traumatism cranian, sensibilitate la atingere, umflare sau plagă la nivelul scalpului; semnele de alarmă includ confuzie, pierdere de cunoștință, vărsături repetate, somnolență neobișnuită, convulsii, slăbiciune, amorțeală sau scurgere de lichid/sânge din nas ori urechi.', 6),
  ('os', 'frontal', 'frontal', 'cap_craniu', 'cauze_posibile', 'Cauze posibile pentru durerea la Os frontal', 'lovitură directă, cădere, accident sportiv sau rutier; durerea poate veni din contuzie, fractură craniană, leziuni ale scalpului sau complicații intracraniene asociate traumatismului.', 6),
  ('os', 'frontal', 'frontal', 'cap_craniu', 'recomandari', 'Măsuri educaționale pentru Os frontal', 'după traumatisme craniene cu simptome neurologice, pierdere de cunoștință, vărsături, agravare sau suspiciune de fractură este necesară evaluare urgentă; până la evaluare se evită efortul și se monitorizează starea neurologică.', 5),
  ('os', 'frontal', 'frontal', 'cap_craniu', 'semne_alarma', 'Semne de alarmă pentru Os frontal', 'apel urgent la medic/112 pentru pierdere de cunoștință, confuzie, convulsii, deficit neurologic, durere severă progresivă, plagă deschisă sau suspiciune de fractură deschisă.', 8),
  ('os', 'frontal', 'frontal', 'cap_craniu', 'intrebari_clarificare', 'Întrebări utile pentru Os frontal', 'A existat lovitură la cap sau cădere? A apărut pierdere de cunoștință, vărsătură, confuzie sau somnolență? Durerea se agravează? Există sângerare sau plagă?', 4),
  ('os', 'parietal', 'parietal', 'cap_craniu', 'anatomie', 'Context anatomic: Oase parietale', 'Două oase pereche ce alcătuiesc părțile laterale și superioare ale calotei craniene. Funcție principală: Protejează emisferele cerebrale.', 7),
  ('os', 'parietal', 'parietal', 'cap_craniu', 'simptome', 'Simptome posibile pentru Oase parietale', 'durere locală după traumatism cranian, sensibilitate la atingere, umflare sau plagă la nivelul scalpului; semnele de alarmă includ confuzie, pierdere de cunoștință, vărsături repetate, somnolență neobișnuită, convulsii, slăbiciune, amorțeală sau scurgere de lichid/sânge din nas ori urechi.', 6),
  ('os', 'parietal', 'parietal', 'cap_craniu', 'cauze_posibile', 'Cauze posibile pentru durerea la Oase parietale', 'lovitură directă, cădere, accident sportiv sau rutier; durerea poate veni din contuzie, fractură craniană, leziuni ale scalpului sau complicații intracraniene asociate traumatismului.', 6),
  ('os', 'parietal', 'parietal', 'cap_craniu', 'recomandari', 'Măsuri educaționale pentru Oase parietale', 'după traumatisme craniene cu simptome neurologice, pierdere de cunoștință, vărsături, agravare sau suspiciune de fractură este necesară evaluare urgentă; până la evaluare se evită efortul și se monitorizează starea neurologică.', 5),
  ('os', 'parietal', 'parietal', 'cap_craniu', 'semne_alarma', 'Semne de alarmă pentru Oase parietale', 'apel urgent la medic/112 pentru pierdere de cunoștință, confuzie, convulsii, deficit neurologic, durere severă progresivă, plagă deschisă sau suspiciune de fractură deschisă.', 8),
  ('os', 'parietal', 'parietal', 'cap_craniu', 'intrebari_clarificare', 'Întrebări utile pentru Oase parietale', 'A existat lovitură la cap sau cădere? A apărut pierdere de cunoștință, vărsătură, confuzie sau somnolență? Durerea se agravează? Există sângerare sau plagă?', 4),
  ('os', 'temporal', 'temporal', 'cap_craniu', 'anatomie', 'Context anatomic: Oase temporale', 'Conțin urechea internă și medie; situate lateral, sub parietale. Funcție principală: Adăpostesc structurile auditive și de echilibru.', 7),
  ('os', 'temporal', 'temporal', 'cap_craniu', 'simptome', 'Simptome posibile pentru Oase temporale', 'durere locală după traumatism cranian, sensibilitate la atingere, umflare sau plagă la nivelul scalpului; semnele de alarmă includ confuzie, pierdere de cunoștință, vărsături repetate, somnolență neobișnuită, convulsii, slăbiciune, amorțeală sau scurgere de lichid/sânge din nas ori urechi.', 6),
  ('os', 'temporal', 'temporal', 'cap_craniu', 'cauze_posibile', 'Cauze posibile pentru durerea la Oase temporale', 'lovitură directă, cădere, accident sportiv sau rutier; durerea poate veni din contuzie, fractură craniană, leziuni ale scalpului sau complicații intracraniene asociate traumatismului.', 6),
  ('os', 'temporal', 'temporal', 'cap_craniu', 'recomandari', 'Măsuri educaționale pentru Oase temporale', 'după traumatisme craniene cu simptome neurologice, pierdere de cunoștință, vărsături, agravare sau suspiciune de fractură este necesară evaluare urgentă; până la evaluare se evită efortul și se monitorizează starea neurologică.', 5),
  ('os', 'temporal', 'temporal', 'cap_craniu', 'semne_alarma', 'Semne de alarmă pentru Oase temporale', 'apel urgent la medic/112 pentru pierdere de cunoștință, confuzie, convulsii, deficit neurologic, durere severă progresivă, plagă deschisă sau suspiciune de fractură deschisă.', 8),
  ('os', 'temporal', 'temporal', 'cap_craniu', 'intrebari_clarificare', 'Întrebări utile pentru Oase temporale', 'A existat lovitură la cap sau cădere? A apărut pierdere de cunoștință, vărsătură, confuzie sau somnolență? Durerea se agravează? Există sângerare sau plagă?', 4),
  ('os', 'occipital', 'occipital', 'cap_craniu', 'anatomie', 'Context anatomic: Os occipital', 'Os posterior al craniului, cu marele orificiu (foramen magnum). Funcție principală: Permite trecerea măduvei spinării și protejează cerebelul.', 7),
  ('os', 'occipital', 'occipital', 'cap_craniu', 'simptome', 'Simptome posibile pentru Os occipital', 'durere locală după traumatism cranian, sensibilitate la atingere, umflare sau plagă la nivelul scalpului; semnele de alarmă includ confuzie, pierdere de cunoștință, vărsături repetate, somnolență neobișnuită, convulsii, slăbiciune, amorțeală sau scurgere de lichid/sânge din nas ori urechi.', 6),
  ('os', 'occipital', 'occipital', 'cap_craniu', 'cauze_posibile', 'Cauze posibile pentru durerea la Os occipital', 'lovitură directă, cădere, accident sportiv sau rutier; durerea poate veni din contuzie, fractură craniană, leziuni ale scalpului sau complicații intracraniene asociate traumatismului.', 6),
  ('os', 'occipital', 'occipital', 'cap_craniu', 'recomandari', 'Măsuri educaționale pentru Os occipital', 'după traumatisme craniene cu simptome neurologice, pierdere de cunoștință, vărsături, agravare sau suspiciune de fractură este necesară evaluare urgentă; până la evaluare se evită efortul și se monitorizează starea neurologică.', 5),
  ('os', 'occipital', 'occipital', 'cap_craniu', 'semne_alarma', 'Semne de alarmă pentru Os occipital', 'apel urgent la medic/112 pentru pierdere de cunoștință, confuzie, convulsii, deficit neurologic, durere severă progresivă, plagă deschisă sau suspiciune de fractură deschisă.', 8),
  ('os', 'occipital', 'occipital', 'cap_craniu', 'intrebari_clarificare', 'Întrebări utile pentru Os occipital', 'A existat lovitură la cap sau cădere? A apărut pierdere de cunoștință, vărsătură, confuzie sau somnolență? Durerea se agravează? Există sângerare sau plagă?', 4),
  ('os', 'sfenoid', 'sfenoid', 'cap_craniu', 'anatomie', 'Context anatomic: Os sfenoid', 'Os central în formă de fluture, articulat cu toate celelalte oase craniene. Funcție principală: Susține baza craniului și conține șaua turcească pentru hipofiză.', 7),
  ('os', 'sfenoid', 'sfenoid', 'cap_craniu', 'simptome', 'Simptome posibile pentru Os sfenoid', 'durere locală după traumatism cranian, sensibilitate la atingere, umflare sau plagă la nivelul scalpului; semnele de alarmă includ confuzie, pierdere de cunoștință, vărsături repetate, somnolență neobișnuită, convulsii, slăbiciune, amorțeală sau scurgere de lichid/sânge din nas ori urechi.', 6),
  ('os', 'sfenoid', 'sfenoid', 'cap_craniu', 'cauze_posibile', 'Cauze posibile pentru durerea la Os sfenoid', 'lovitură directă, cădere, accident sportiv sau rutier; durerea poate veni din contuzie, fractură craniană, leziuni ale scalpului sau complicații intracraniene asociate traumatismului.', 6),
  ('os', 'sfenoid', 'sfenoid', 'cap_craniu', 'recomandari', 'Măsuri educaționale pentru Os sfenoid', 'după traumatisme craniene cu simptome neurologice, pierdere de cunoștință, vărsături, agravare sau suspiciune de fractură este necesară evaluare urgentă; până la evaluare se evită efortul și se monitorizează starea neurologică.', 5),
  ('os', 'sfenoid', 'sfenoid', 'cap_craniu', 'semne_alarma', 'Semne de alarmă pentru Os sfenoid', 'apel urgent la medic/112 pentru pierdere de cunoștință, confuzie, convulsii, deficit neurologic, durere severă progresivă, plagă deschisă sau suspiciune de fractură deschisă.', 8),
  ('os', 'sfenoid', 'sfenoid', 'cap_craniu', 'intrebari_clarificare', 'Întrebări utile pentru Os sfenoid', 'A existat lovitură la cap sau cădere? A apărut pierdere de cunoștință, vărsătură, confuzie sau somnolență? Durerea se agravează? Există sângerare sau plagă?', 4),
  ('os', 'etmoid', 'etmoid', 'cap_craniu', 'anatomie', 'Context anatomic: Os etmoid', 'Os ușor și spongios, situat între orbite, formând tavanul cavității nazale. Funcție principală: Suport pentru mucoasa olfactivă; conține celulele etmoidale.', 7),
  ('os', 'etmoid', 'etmoid', 'cap_craniu', 'simptome', 'Simptome posibile pentru Os etmoid', 'durere locală după traumatism cranian, sensibilitate la atingere, umflare sau plagă la nivelul scalpului; semnele de alarmă includ confuzie, pierdere de cunoștință, vărsături repetate, somnolență neobișnuită, convulsii, slăbiciune, amorțeală sau scurgere de lichid/sânge din nas ori urechi.', 6),
  ('os', 'etmoid', 'etmoid', 'cap_craniu', 'cauze_posibile', 'Cauze posibile pentru durerea la Os etmoid', 'lovitură directă, cădere, accident sportiv sau rutier; durerea poate veni din contuzie, fractură craniană, leziuni ale scalpului sau complicații intracraniene asociate traumatismului.', 6),
  ('os', 'etmoid', 'etmoid', 'cap_craniu', 'recomandari', 'Măsuri educaționale pentru Os etmoid', 'după traumatisme craniene cu simptome neurologice, pierdere de cunoștință, vărsături, agravare sau suspiciune de fractură este necesară evaluare urgentă; până la evaluare se evită efortul și se monitorizează starea neurologică.', 5),
  ('os', 'etmoid', 'etmoid', 'cap_craniu', 'semne_alarma', 'Semne de alarmă pentru Os etmoid', 'apel urgent la medic/112 pentru pierdere de cunoștință, confuzie, convulsii, deficit neurologic, durere severă progresivă, plagă deschisă sau suspiciune de fractură deschisă.', 8),
  ('os', 'etmoid', 'etmoid', 'cap_craniu', 'intrebari_clarificare', 'Întrebări utile pentru Os etmoid', 'A existat lovitură la cap sau cădere? A apărut pierdere de cunoștință, vărsătură, confuzie sau somnolență? Durerea se agravează? Există sângerare sau plagă?', 4),
  ('os', 'maxilar', 'maxilar', 'fata', 'anatomie', 'Context anatomic: Maxilare', 'Formează mandibula superioară și conțin alveolele dentare superioare. Funcție principală: Susțin dentiția superioară și formează plafonul cavității bucale.', 7),
  ('os', 'maxilar', 'maxilar', 'fata', 'simptome', 'Simptome posibile pentru Maxilare', 'durere facială locală, umflare, vânătaie, deformare, dificultate la mușcat sau mestecat, blocaj mandibular, nas deformat, sângerare nazală, vedere dublă ori amorțeală la obraz/buză.', 6),
  ('os', 'maxilar', 'maxilar', 'fata', 'cauze_posibile', 'Cauze posibile pentru durerea la Maxilare', 'traumă directă la față, cădere, sport de contact, accident rutier, lovitură la mandibulă, nas, orbită, maxilar sau pomeți; pot exista fracturi, luxații dentare sau leziuni ale țesuturilor moi.', 6),
  ('os', 'maxilar', 'maxilar', 'fata', 'recomandari', 'Măsuri educaționale pentru Maxilare', 'traumatismele faciale cu deformare, tulburări de vedere, dificultate la respirație, mușcătură modificată sau amorțeală trebuie evaluate medical; se poate aplica rece local învelit și se evită presiunea pe zonă.', 5),
  ('os', 'maxilar', 'maxilar', 'fata', 'semne_alarma', 'Semne de alarmă pentru Maxilare', 'urgență pentru dificultăți de respirație, vedere dublă, ochi afectat, deformare evidentă, sângerare persistentă, dinți mobili, mușcătură modificată sau amorțeală extinsă.', 8),
  ('os', 'maxilar', 'maxilar', 'fata', 'intrebari_clarificare', 'Întrebări utile pentru Maxilare', 'Trauma a fost directă? Poți deschide gura normal? Mușcătura s-a modificat? Ai vedere dublă, amorțeală sau sângerare nazală persistentă?', 4),
  ('os', 'mandibula', 'mandibula', 'fata', 'anatomie', 'Context anatomic: Mandibulă', 'Singurul os mobil al craniului; formează maxilarul inferior. Funcție principală: Permite masticația și articularea vorbirii.', 7),
  ('os', 'mandibula', 'mandibula', 'fata', 'simptome', 'Simptome posibile pentru Mandibulă', 'durere mandibulară, mușcătură modificată, dificultate la deschiderea gurii, dinți mobili, amorțeală la buză/bărbie sau durere la mestecat.', 6),
  ('os', 'mandibula', 'mandibula', 'fata', 'cauze_posibile', 'Cauze posibile pentru durerea la Mandibulă', 'lovitură directă la bărbie/mandibulă, accident, sport de contact; poate exista fractură mandibulară sau afectarea articulației temporo-mandibulare.', 6),
  ('os', 'mandibula', 'mandibula', 'fata', 'recomandari', 'Măsuri educaționale pentru Mandibulă', 'mușcătura modificată, dinții mobili sau dificultatea la deschiderea gurii necesită evaluare maxilo-facială; se evită masticația dură.', 5),
  ('os', 'mandibula', 'mandibula', 'fata', 'semne_alarma', 'Semne de alarmă pentru Mandibulă', 'urgență pentru dificultăți de respirație, vedere dublă, ochi afectat, deformare evidentă, sângerare persistentă, dinți mobili, mușcătură modificată sau amorțeală extinsă.', 8),
  ('os', 'mandibula', 'mandibula', 'fata', 'intrebari_clarificare', 'Întrebări utile pentru Mandibulă', 'Mușcătura s-a schimbat? Poți deschide gura? Ai amorțeală la buză sau dinți mobili?', 4),
  ('os', 'zigomatic', 'zigomatic', 'fata', 'anatomie', 'Context anatomic: Oase zigomatice', 'Oasele pomeților obrajilor. Funcție principală: Conturează fața și protejează lateral orbitele.', 7),
  ('os', 'zigomatic', 'zigomatic', 'fata', 'simptome', 'Simptome posibile pentru Oase zigomatice', 'durere facială locală, umflare, vânătaie, deformare, dificultate la mușcat sau mestecat, blocaj mandibular, nas deformat, sângerare nazală, vedere dublă ori amorțeală la obraz/buză.', 6),
  ('os', 'zigomatic', 'zigomatic', 'fata', 'cauze_posibile', 'Cauze posibile pentru durerea la Oase zigomatice', 'traumă directă la față, cădere, sport de contact, accident rutier, lovitură la mandibulă, nas, orbită, maxilar sau pomeți; pot exista fracturi, luxații dentare sau leziuni ale țesuturilor moi.', 6),
  ('os', 'zigomatic', 'zigomatic', 'fata', 'recomandari', 'Măsuri educaționale pentru Oase zigomatice', 'traumatismele faciale cu deformare, tulburări de vedere, dificultate la respirație, mușcătură modificată sau amorțeală trebuie evaluate medical; se poate aplica rece local învelit și se evită presiunea pe zonă.', 5),
  ('os', 'zigomatic', 'zigomatic', 'fata', 'semne_alarma', 'Semne de alarmă pentru Oase zigomatice', 'urgență pentru dificultăți de respirație, vedere dublă, ochi afectat, deformare evidentă, sângerare persistentă, dinți mobili, mușcătură modificată sau amorțeală extinsă.', 8),
  ('os', 'zigomatic', 'zigomatic', 'fata', 'intrebari_clarificare', 'Întrebări utile pentru Oase zigomatice', 'Trauma a fost directă? Poți deschide gura normal? Mușcătura s-a modificat? Ai vedere dublă, amorțeală sau sângerare nazală persistentă?', 4),
  ('os', 'nazal', 'nazal', 'fata', 'anatomie', 'Context anatomic: Oase nazale', 'Două oase mici ce formează puntea nasului. Funcție principală: Susțin partea superioară a piramidei nazale.', 7),
  ('os', 'nazal', 'nazal', 'fata', 'simptome', 'Simptome posibile pentru Oase nazale', 'durere nazală, umflare, sângerare, deformare, nas înfundat sau vânătaie în jurul ochilor.', 6),
  ('os', 'nazal', 'nazal', 'fata', 'cauze_posibile', 'Cauze posibile pentru durerea la Oase nazale', 'lovitură directă, cădere, sport de contact; fractura nazală este frecventă în traumatismele faciale.', 6),
  ('os', 'nazal', 'nazal', 'fata', 'recomandari', 'Măsuri educaționale pentru Oase nazale', 'aplică rece învelit și solicită evaluare dacă nasul este deformat, respirația nazală este blocată sau sângerarea persistă.', 5),
  ('os', 'nazal', 'nazal', 'fata', 'semne_alarma', 'Semne de alarmă pentru Oase nazale', 'urgență pentru sângerare care nu se oprește, lichid clar din nas după traumă, deformare severă, dificultate de respirație sau traumă craniană asociată.', 8),
  ('os', 'nazal', 'nazal', 'fata', 'intrebari_clarificare', 'Întrebări utile pentru Oase nazale', 'Nasul pare strâmb? Poți respira pe nas? Sângerarea persistă? Ai fost lovit puternic la cap?', 4),
  ('os', 'lacrimal', 'lacrimal', 'fata', 'anatomie', 'Context anatomic: Oase lacrimale', 'Cele mai mici oase ale feței, situate în peretele medial al orbitei. Funcție principală: Conțin canalul nazo-lacrimal.', 7),
  ('os', 'lacrimal', 'lacrimal', 'fata', 'simptome', 'Simptome posibile pentru Oase lacrimale', 'durere facială locală, umflare, vânătaie, deformare, dificultate la mușcat sau mestecat, blocaj mandibular, nas deformat, sângerare nazală, vedere dublă ori amorțeală la obraz/buză.', 6),
  ('os', 'lacrimal', 'lacrimal', 'fata', 'cauze_posibile', 'Cauze posibile pentru durerea la Oase lacrimale', 'traumă directă la față, cădere, sport de contact, accident rutier, lovitură la mandibulă, nas, orbită, maxilar sau pomeți; pot exista fracturi, luxații dentare sau leziuni ale țesuturilor moi.', 6),
  ('os', 'lacrimal', 'lacrimal', 'fata', 'recomandari', 'Măsuri educaționale pentru Oase lacrimale', 'traumatismele faciale cu deformare, tulburări de vedere, dificultate la respirație, mușcătură modificată sau amorțeală trebuie evaluate medical; se poate aplica rece local învelit și se evită presiunea pe zonă.', 5),
  ('os', 'lacrimal', 'lacrimal', 'fata', 'semne_alarma', 'Semne de alarmă pentru Oase lacrimale', 'urgență pentru dificultăți de respirație, vedere dublă, ochi afectat, deformare evidentă, sângerare persistentă, dinți mobili, mușcătură modificată sau amorțeală extinsă.', 8),
  ('os', 'lacrimal', 'lacrimal', 'fata', 'intrebari_clarificare', 'Întrebări utile pentru Oase lacrimale', 'Trauma a fost directă? Poți deschide gura normal? Mușcătura s-a modificat? Ai vedere dublă, amorțeală sau sângerare nazală persistentă?', 4),
  ('os', 'palatin', 'palatin', 'fata', 'anatomie', 'Context anatomic: Oase palatine', 'Formează partea posterioară a palatului dur. Funcție principală: Separă cavitatea bucală de cea nazală.', 7),
  ('os', 'palatin', 'palatin', 'fata', 'simptome', 'Simptome posibile pentru Oase palatine', 'durere facială locală, umflare, vânătaie, deformare, dificultate la mușcat sau mestecat, blocaj mandibular, nas deformat, sângerare nazală, vedere dublă ori amorțeală la obraz/buză.', 6),
  ('os', 'palatin', 'palatin', 'fata', 'cauze_posibile', 'Cauze posibile pentru durerea la Oase palatine', 'traumă directă la față, cădere, sport de contact, accident rutier, lovitură la mandibulă, nas, orbită, maxilar sau pomeți; pot exista fracturi, luxații dentare sau leziuni ale țesuturilor moi.', 6),
  ('os', 'palatin', 'palatin', 'fata', 'recomandari', 'Măsuri educaționale pentru Oase palatine', 'traumatismele faciale cu deformare, tulburări de vedere, dificultate la respirație, mușcătură modificată sau amorțeală trebuie evaluate medical; se poate aplica rece local învelit și se evită presiunea pe zonă.', 5),
  ('os', 'palatin', 'palatin', 'fata', 'semne_alarma', 'Semne de alarmă pentru Oase palatine', 'urgență pentru dificultăți de respirație, vedere dublă, ochi afectat, deformare evidentă, sângerare persistentă, dinți mobili, mușcătură modificată sau amorțeală extinsă.', 8),
  ('os', 'palatin', 'palatin', 'fata', 'intrebari_clarificare', 'Întrebări utile pentru Oase palatine', 'Trauma a fost directă? Poți deschide gura normal? Mușcătura s-a modificat? Ai vedere dublă, amorțeală sau sângerare nazală persistentă?', 4),
  ('os', 'vomer', 'vomer', 'fata', 'anatomie', 'Context anatomic: Vomer', 'Os subțire ce formează partea inferioară a septului nazal. Funcție principală: Divide cavitatea nazală în două fose.', 7),
  ('os', 'vomer', 'vomer', 'fata', 'simptome', 'Simptome posibile pentru Vomer', 'durere facială locală, umflare, vânătaie, deformare, dificultate la mușcat sau mestecat, blocaj mandibular, nas deformat, sângerare nazală, vedere dublă ori amorțeală la obraz/buză.', 6),
  ('os', 'vomer', 'vomer', 'fata', 'cauze_posibile', 'Cauze posibile pentru durerea la Vomer', 'traumă directă la față, cădere, sport de contact, accident rutier, lovitură la mandibulă, nas, orbită, maxilar sau pomeți; pot exista fracturi, luxații dentare sau leziuni ale țesuturilor moi.', 6),
  ('os', 'vomer', 'vomer', 'fata', 'recomandari', 'Măsuri educaționale pentru Vomer', 'traumatismele faciale cu deformare, tulburări de vedere, dificultate la respirație, mușcătură modificată sau amorțeală trebuie evaluate medical; se poate aplica rece local învelit și se evită presiunea pe zonă.', 5),
  ('os', 'vomer', 'vomer', 'fata', 'semne_alarma', 'Semne de alarmă pentru Vomer', 'urgență pentru dificultăți de respirație, vedere dublă, ochi afectat, deformare evidentă, sângerare persistentă, dinți mobili, mușcătură modificată sau amorțeală extinsă.', 8),
  ('os', 'vomer', 'vomer', 'fata', 'intrebari_clarificare', 'Întrebări utile pentru Vomer', 'Trauma a fost directă? Poți deschide gura normal? Mușcătura s-a modificat? Ai vedere dublă, amorțeală sau sângerare nazală persistentă?', 4),
  ('os', 'cornet-inf', 'cornet-inf', 'fata', 'anatomie', 'Context anatomic: Cornete nazale inferioare', 'Lame osoase încârligate în peretele lateral al cavității nazale. Funcție principală: Încălzesc și umidifică aerul inspirat.', 7),
  ('os', 'cornet-inf', 'cornet-inf', 'fata', 'simptome', 'Simptome posibile pentru Cornete nazale inferioare', 'durere facială locală, umflare, vânătaie, deformare, dificultate la mușcat sau mestecat, blocaj mandibular, nas deformat, sângerare nazală, vedere dublă ori amorțeală la obraz/buză.', 6),
  ('os', 'cornet-inf', 'cornet-inf', 'fata', 'cauze_posibile', 'Cauze posibile pentru durerea la Cornete nazale inferioare', 'traumă directă la față, cădere, sport de contact, accident rutier, lovitură la mandibulă, nas, orbită, maxilar sau pomeți; pot exista fracturi, luxații dentare sau leziuni ale țesuturilor moi.', 6),
  ('os', 'cornet-inf', 'cornet-inf', 'fata', 'recomandari', 'Măsuri educaționale pentru Cornete nazale inferioare', 'traumatismele faciale cu deformare, tulburări de vedere, dificultate la respirație, mușcătură modificată sau amorțeală trebuie evaluate medical; se poate aplica rece local învelit și se evită presiunea pe zonă.', 5),
  ('os', 'cornet-inf', 'cornet-inf', 'fata', 'semne_alarma', 'Semne de alarmă pentru Cornete nazale inferioare', 'urgență pentru dificultăți de respirație, vedere dublă, ochi afectat, deformare evidentă, sângerare persistentă, dinți mobili, mușcătură modificată sau amorțeală extinsă.', 8),
  ('os', 'cornet-inf', 'cornet-inf', 'fata', 'intrebari_clarificare', 'Întrebări utile pentru Cornete nazale inferioare', 'Trauma a fost directă? Poți deschide gura normal? Mușcătura s-a modificat? Ai vedere dublă, amorțeală sau sângerare nazală persistentă?', 4),
  ('os', 'ciocan', 'ciocan', 'ureche_medie', 'anatomie', 'Context anatomic: Ciocane (Maleole)', 'Cel mai mare osișor al urechii medii, atașat de timpan. Funcție principală: Transmite vibrațiile timpanului către nicovală.', 7),
  ('os', 'ciocan', 'ciocan', 'ureche_medie', 'simptome', 'Simptome posibile pentru Ciocane (Maleole)', 'durere profundă în ureche după traumă, scădere de auz, țiuit, amețeală sau senzație de dezechilibru; osișoarele urechii pot fi implicate în traumatisme ale osului temporal.', 6),
  ('os', 'ciocan', 'ciocan', 'ureche_medie', 'cauze_posibile', 'Cauze posibile pentru durerea la Ciocane (Maleole)', 'lovitură la cap/ureche, fractură temporală, schimbări bruște de presiune sau leziuni ale timpanului și lanțului osicular.', 6),
  ('os', 'ciocan', 'ciocan', 'ureche_medie', 'recomandari', 'Măsuri educaționale pentru Ciocane (Maleole)', 'scăderea de auz, vertijul, sângerarea din ureche sau simptomele după traumatism cranian necesită consult medical/ORL.', 5),
  ('os', 'ciocan', 'ciocan', 'ureche_medie', 'semne_alarma', 'Semne de alarmă pentru Ciocane (Maleole)', 'urgență pentru sânge sau lichid din ureche după traumă, vertij sever, pierdere de auz bruscă, paralizie facială sau simptome neurologice.', 8),
  ('os', 'ciocan', 'ciocan', 'ureche_medie', 'intrebari_clarificare', 'Întrebări utile pentru Ciocane (Maleole)', 'A existat lovitură la cap sau ureche? A scăzut auzul? Există amețeală, țiuit, scurgere de sânge sau lichid?', 4),
  ('os', 'nicovala', 'nicovala', 'ureche_medie', 'anatomie', 'Context anatomic: Nicovale', 'Os în formă de nicovală, situat între ciocan și scăriță. Funcție principală: Continuă transmiterea vibrațiilor sonore.', 7),
  ('os', 'nicovala', 'nicovala', 'ureche_medie', 'simptome', 'Simptome posibile pentru Nicovale', 'durere profundă în ureche după traumă, scădere de auz, țiuit, amețeală sau senzație de dezechilibru; osișoarele urechii pot fi implicate în traumatisme ale osului temporal.', 6),
  ('os', 'nicovala', 'nicovala', 'ureche_medie', 'cauze_posibile', 'Cauze posibile pentru durerea la Nicovale', 'lovitură la cap/ureche, fractură temporală, schimbări bruște de presiune sau leziuni ale timpanului și lanțului osicular.', 6),
  ('os', 'nicovala', 'nicovala', 'ureche_medie', 'recomandari', 'Măsuri educaționale pentru Nicovale', 'scăderea de auz, vertijul, sângerarea din ureche sau simptomele după traumatism cranian necesită consult medical/ORL.', 5),
  ('os', 'nicovala', 'nicovala', 'ureche_medie', 'semne_alarma', 'Semne de alarmă pentru Nicovale', 'urgență pentru sânge sau lichid din ureche după traumă, vertij sever, pierdere de auz bruscă, paralizie facială sau simptome neurologice.', 8),
  ('os', 'nicovala', 'nicovala', 'ureche_medie', 'intrebari_clarificare', 'Întrebări utile pentru Nicovale', 'A existat lovitură la cap sau ureche? A scăzut auzul? Există amețeală, țiuit, scurgere de sânge sau lichid?', 4),
  ('os', 'scarita', 'scarita', 'ureche_medie', 'anatomie', 'Context anatomic: Scărițe', 'Cel mai mic os din corp; sprijinit pe fereastra ovală. Funcție principală: Transmite vibrațiile către urechea internă.', 7),
  ('os', 'scarita', 'scarita', 'ureche_medie', 'simptome', 'Simptome posibile pentru Scărițe', 'durere profundă în ureche după traumă, scădere de auz, țiuit, amețeală sau senzație de dezechilibru; osișoarele urechii pot fi implicate în traumatisme ale osului temporal.', 6),
  ('os', 'scarita', 'scarita', 'ureche_medie', 'cauze_posibile', 'Cauze posibile pentru durerea la Scărițe', 'lovitură la cap/ureche, fractură temporală, schimbări bruște de presiune sau leziuni ale timpanului și lanțului osicular.', 6),
  ('os', 'scarita', 'scarita', 'ureche_medie', 'recomandari', 'Măsuri educaționale pentru Scărițe', 'scăderea de auz, vertijul, sângerarea din ureche sau simptomele după traumatism cranian necesită consult medical/ORL.', 5),
  ('os', 'scarita', 'scarita', 'ureche_medie', 'semne_alarma', 'Semne de alarmă pentru Scărițe', 'urgență pentru sânge sau lichid din ureche după traumă, vertij sever, pierdere de auz bruscă, paralizie facială sau simptome neurologice.', 8),
  ('os', 'scarita', 'scarita', 'ureche_medie', 'intrebari_clarificare', 'Întrebări utile pentru Scărițe', 'A existat lovitură la cap sau ureche? A scăzut auzul? Există amețeală, țiuit, scurgere de sânge sau lichid?', 4),
  ('os', 'hioid', 'hioid', 'gat', 'anatomie', 'Context anatomic: Os hioid', 'Os în formă de potcoavă, suspendat în gât, fără articulații cu alte oase. Funcție principală: Punct de inserție pentru mușchii limbii și ai laringelui.', 7),
  ('os', 'hioid', 'hioid', 'gat', 'simptome', 'Simptome posibile pentru Os hioid', 'durere anterioară la nivelul gâtului, disconfort la înghițire, sensibilitate locală sau modificări ale vocii după traumă.', 6),
  ('os', 'hioid', 'hioid', 'gat', 'cauze_posibile', 'Cauze posibile pentru durerea la Os hioid', 'traumă directă, întindere a mușchilor suprahioidieni/infrahioidieni sau leziuni rare ale complexului hioid-laringian.', 6),
  ('os', 'hioid', 'hioid', 'gat', 'recomandari', 'Măsuri educaționale pentru Os hioid', 'durerea de gât cu dificultate de respirație, înghițire sau voce modificată după traumă trebuie evaluată urgent.', 5),
  ('os', 'hioid', 'hioid', 'gat', 'semne_alarma', 'Semne de alarmă pentru Os hioid', 'urgență pentru dificultate de respirație, umflare rapidă, voce schimbată, imposibilitate de înghițire sau traumă cervicală importantă.', 8),
  ('os', 'hioid', 'hioid', 'gat', 'intrebari_clarificare', 'Întrebări utile pentru Os hioid', 'Durerea a apărut după lovitură? Poți respira și înghiți normal? S-a schimbat vocea?', 4),
  ('os', 'vert-cervicale', 'vert-cervicale', 'coloana', 'anatomie', 'Context anatomic: Vertebre cervicale (C1–C7)', 'Cele 7 vertebre ale gâtului, cu Atlas (C1) și Axis (C2) ca primele două. Funcție principală: Susțin capul și permit rotația și flexia gâtului.', 7),
  ('os', 'vert-cervicale', 'vert-cervicale', 'coloana', 'simptome', 'Simptome posibile pentru Vertebre cervicale (C1–C7)', 'durere de spate sau gât localizată, rigiditate, durere care crește la mișcare ori sprijin; semne neurologice posibile: amorțeală, furnicături, slăbiciune, dificultate la mers sau tulburări urinare/intestinale.', 6),
  ('os', 'vert-cervicale', 'vert-cervicale', 'coloana', 'cauze_posibile', 'Cauze posibile pentru durerea la Vertebre cervicale (C1–C7)', 'traumă, cădere, accident, suprasolicitare, fractură de compresie, osteoporoză, procese patologice osoase sau iritații articulare/ligamentare în jurul vertebrelor.', 6),
  ('os', 'vert-cervicale', 'vert-cervicale', 'coloana', 'recomandari', 'Măsuri educaționale pentru Vertebre cervicale (C1–C7)', 'durerea vertebrală după traumă sau asociată cu simptome neurologice necesită evaluare medicală; pentru dureri fără traumă severă se evită imobilizarea prelungită și se cere consult dacă persistă sau se agravează.', 5),
  ('os', 'vert-cervicale', 'vert-cervicale', 'coloana', 'semne_alarma', 'Semne de alarmă pentru Vertebre cervicale (C1–C7)', 'urgență pentru amorțeală/slăbiciune progresivă, dificultate la mers, pierderea controlului vezicii/intestinului, traumă majoră, febră sau durere severă nocturnă.', 8),
  ('os', 'vert-cervicale', 'vert-cervicale', 'coloana', 'intrebari_clarificare', 'Întrebări utile pentru Vertebre cervicale (C1–C7)', 'A existat cădere sau accident? Durerea coboară pe braț/picior? Există amorțeală, slăbiciune, probleme la mers sau control urinar?', 4),
  ('os', 'vert-toracice', 'vert-toracice', 'coloana', 'anatomie', 'Context anatomic: Vertebre toracice (T1–T12)', 'Vertebrele zonei toracice, articulate cu coastele. Funcție principală: Punct de inserție pentru coaste; protejează măduva.', 7),
  ('os', 'vert-toracice', 'vert-toracice', 'coloana', 'simptome', 'Simptome posibile pentru Vertebre toracice (T1–T12)', 'durere de spate sau gât localizată, rigiditate, durere care crește la mișcare ori sprijin; semne neurologice posibile: amorțeală, furnicături, slăbiciune, dificultate la mers sau tulburări urinare/intestinale.', 6),
  ('os', 'vert-toracice', 'vert-toracice', 'coloana', 'cauze_posibile', 'Cauze posibile pentru durerea la Vertebre toracice (T1–T12)', 'traumă, cădere, accident, suprasolicitare, fractură de compresie, osteoporoză, procese patologice osoase sau iritații articulare/ligamentare în jurul vertebrelor.', 6),
  ('os', 'vert-toracice', 'vert-toracice', 'coloana', 'recomandari', 'Măsuri educaționale pentru Vertebre toracice (T1–T12)', 'durerea vertebrală după traumă sau asociată cu simptome neurologice necesită evaluare medicală; pentru dureri fără traumă severă se evită imobilizarea prelungită și se cere consult dacă persistă sau se agravează.', 5),
  ('os', 'vert-toracice', 'vert-toracice', 'coloana', 'semne_alarma', 'Semne de alarmă pentru Vertebre toracice (T1–T12)', 'urgență pentru amorțeală/slăbiciune progresivă, dificultate la mers, pierderea controlului vezicii/intestinului, traumă majoră, febră sau durere severă nocturnă.', 8),
  ('os', 'vert-toracice', 'vert-toracice', 'coloana', 'intrebari_clarificare', 'Întrebări utile pentru Vertebre toracice (T1–T12)', 'A existat cădere sau accident? Durerea coboară pe braț/picior? Există amorțeală, slăbiciune, probleme la mers sau control urinar?', 4),
  ('os', 'vert-lombare', 'vert-lombare', 'coloana', 'anatomie', 'Context anatomic: Vertebre lombare (L1–L5)', 'Cele mai mari vertebre, situate în zona inferioară a spatelui. Funcție principală: Susțin greutatea trunchiului superior.', 7),
  ('os', 'vert-lombare', 'vert-lombare', 'coloana', 'simptome', 'Simptome posibile pentru Vertebre lombare (L1–L5)', 'durere de spate sau gât localizată, rigiditate, durere care crește la mișcare ori sprijin; semne neurologice posibile: amorțeală, furnicături, slăbiciune, dificultate la mers sau tulburări urinare/intestinale.', 6),
  ('os', 'vert-lombare', 'vert-lombare', 'coloana', 'cauze_posibile', 'Cauze posibile pentru durerea la Vertebre lombare (L1–L5)', 'traumă, cădere, accident, suprasolicitare, fractură de compresie, osteoporoză, procese patologice osoase sau iritații articulare/ligamentare în jurul vertebrelor.', 6),
  ('os', 'vert-lombare', 'vert-lombare', 'coloana', 'recomandari', 'Măsuri educaționale pentru Vertebre lombare (L1–L5)', 'durerea vertebrală după traumă sau asociată cu simptome neurologice necesită evaluare medicală; pentru dureri fără traumă severă se evită imobilizarea prelungită și se cere consult dacă persistă sau se agravează.', 5),
  ('os', 'vert-lombare', 'vert-lombare', 'coloana', 'semne_alarma', 'Semne de alarmă pentru Vertebre lombare (L1–L5)', 'urgență pentru amorțeală/slăbiciune progresivă, dificultate la mers, pierderea controlului vezicii/intestinului, traumă majoră, febră sau durere severă nocturnă.', 8),
  ('os', 'vert-lombare', 'vert-lombare', 'coloana', 'intrebari_clarificare', 'Întrebări utile pentru Vertebre lombare (L1–L5)', 'A existat cădere sau accident? Durerea coboară pe braț/picior? Există amorțeală, slăbiciune, probleme la mers sau control urinar?', 4),
  ('os', 'sacrum', 'sacrum', 'coloana', 'anatomie', 'Context anatomic: Sacrum', 'Os triunghiular format prin fuziunea a 5 vertebre sacrale. Funcție principală: Conectează coloana cu pelvisul.', 7),
  ('os', 'sacrum', 'sacrum', 'coloana', 'simptome', 'Simptome posibile pentru Sacrum', 'durere de spate sau gât localizată, rigiditate, durere care crește la mișcare ori sprijin; semne neurologice posibile: amorțeală, furnicături, slăbiciune, dificultate la mers sau tulburări urinare/intestinale.', 6),
  ('os', 'sacrum', 'sacrum', 'coloana', 'cauze_posibile', 'Cauze posibile pentru durerea la Sacrum', 'traumă, cădere, accident, suprasolicitare, fractură de compresie, osteoporoză, procese patologice osoase sau iritații articulare/ligamentare în jurul vertebrelor.', 6),
  ('os', 'sacrum', 'sacrum', 'coloana', 'recomandari', 'Măsuri educaționale pentru Sacrum', 'durerea vertebrală după traumă sau asociată cu simptome neurologice necesită evaluare medicală; pentru dureri fără traumă severă se evită imobilizarea prelungită și se cere consult dacă persistă sau se agravează.', 5),
  ('os', 'sacrum', 'sacrum', 'coloana', 'semne_alarma', 'Semne de alarmă pentru Sacrum', 'urgență pentru amorțeală/slăbiciune progresivă, dificultate la mers, pierderea controlului vezicii/intestinului, traumă majoră, febră sau durere severă nocturnă.', 8),
  ('os', 'sacrum', 'sacrum', 'coloana', 'intrebari_clarificare', 'Întrebări utile pentru Sacrum', 'A existat cădere sau accident? Durerea coboară pe braț/picior? Există amorțeală, slăbiciune, probleme la mers sau control urinar?', 4),
  ('os', 'coccis', 'coccis', 'coloana', 'anatomie', 'Context anatomic: Coccis', 'Vârful coloanei, format din 3–5 vertebre fuzionate. Funcție principală: Punct de atașare pentru mușchii planșeului pelvian.', 7),
  ('os', 'coccis', 'coccis', 'coloana', 'simptome', 'Simptome posibile pentru Coccis', 'durere de spate sau gât localizată, rigiditate, durere care crește la mișcare ori sprijin; semne neurologice posibile: amorțeală, furnicături, slăbiciune, dificultate la mers sau tulburări urinare/intestinale.', 6),
  ('os', 'coccis', 'coccis', 'coloana', 'cauze_posibile', 'Cauze posibile pentru durerea la Coccis', 'traumă, cădere, accident, suprasolicitare, fractură de compresie, osteoporoză, procese patologice osoase sau iritații articulare/ligamentare în jurul vertebrelor.', 6),
  ('os', 'coccis', 'coccis', 'coloana', 'recomandari', 'Măsuri educaționale pentru Coccis', 'durerea vertebrală după traumă sau asociată cu simptome neurologice necesită evaluare medicală; pentru dureri fără traumă severă se evită imobilizarea prelungită și se cere consult dacă persistă sau se agravează.', 5),
  ('os', 'coccis', 'coccis', 'coloana', 'semne_alarma', 'Semne de alarmă pentru Coccis', 'urgență pentru amorțeală/slăbiciune progresivă, dificultate la mers, pierderea controlului vezicii/intestinului, traumă majoră, febră sau durere severă nocturnă.', 8),
  ('os', 'coccis', 'coccis', 'coloana', 'intrebari_clarificare', 'Întrebări utile pentru Coccis', 'A existat cădere sau accident? Durerea coboară pe braț/picior? Există amorțeală, slăbiciune, probleme la mers sau control urinar?', 4),
  ('os', 'stern', 'stern', 'torace', 'anatomie', 'Context anatomic: Stern', 'Os plat central al toracelui, format din manubriu, corp și apendicele xifoid. Funcție principală: Protejează inima și plămânii; punct de inserție pentru coaste.', 7),
  ('os', 'stern', 'stern', 'torace', 'simptome', 'Simptome posibile pentru Stern', 'durere centrală în piept după impact, sensibilitate pe stern, durere la respirație profundă sau mișcări ale trunchiului.', 6),
  ('os', 'stern', 'stern', 'torace', 'cauze_posibile', 'Cauze posibile pentru durerea la Stern', 'impact frontal, accident rutier, lovitură sportivă sau compresie toracică; poate fi contuzie sau fractură sternală.', 6),
  ('os', 'stern', 'stern', 'torace', 'recomandari', 'Măsuri educaționale pentru Stern', 'durerea costală simplă se gestionează de obicei cu controlul durerii și respirații profunde regulate, dar traumatismele severe sau respirația dificilă necesită evaluare medicală.', 5),
  ('os', 'stern', 'stern', 'torace', 'semne_alarma', 'Semne de alarmă pentru Stern', 'urgență pentru dificultate de respirație, durere toracică în creștere, tuse cu sânge, amețeală, traumă majoră sau semne de afectare pulmonară.', 8),
  ('os', 'stern', 'stern', 'torace', 'intrebari_clarificare', 'Întrebări utile pentru Stern', 'A fost impact frontal? Ai dificultate de respirație, palpitații, amețeală sau durere toracică profundă?', 4),
  ('os', 'coaste', 'coaste', 'torace', 'anatomie', 'Context anatomic: Coaste', '12 perechi: 7 adevărate, 3 false, 2 flotante. Funcție principală: Formează cutia toracică și protejează organele vitale.', 7),
  ('os', 'coaste', 'coaste', 'torace', 'simptome', 'Simptome posibile pentru Coaste', 'durere toracică locală după lovitură, sensibilitate la apăsare, durere la inspirație profundă, tuse, strănut sau mișcare; posibilă senzație de cracment la fractură.', 6),
  ('os', 'coaste', 'coaste', 'torace', 'cauze_posibile', 'Cauze posibile pentru durerea la Coaste', 'lovitură, cădere, compresie toracică, tuse severă la persoane vulnerabile, fractură costală/sternală sau contuzie de perete toracic.', 6),
  ('os', 'coaste', 'coaste', 'torace', 'recomandari', 'Măsuri educaționale pentru Coaste', 'durerea costală simplă se gestionează de obicei cu controlul durerii și respirații profunde regulate, dar traumatismele severe sau respirația dificilă necesită evaluare medicală.', 5),
  ('os', 'coaste', 'coaste', 'torace', 'semne_alarma', 'Semne de alarmă pentru Coaste', 'urgență pentru dificultate de respirație, durere toracică în creștere, tuse cu sânge, amețeală, traumă majoră sau semne de afectare pulmonară.', 8),
  ('os', 'coaste', 'coaste', 'torace', 'intrebari_clarificare', 'Întrebări utile pentru Coaste', 'Te doare când inspiri adânc? Ai dificultate de respirație, tuse cu sânge sau accident puternic? Durerea este locală la apăsare?', 4),
  ('os', 'clavicula', 'clavicula', 'umar_centura_scapulara', 'anatomie', 'Context anatomic: Clavicule', 'Os lung în formă de S, situat orizontal deasupra primei coaste. Funcție principală: Conectează membrul superior de torace.', 7),
  ('os', 'clavicula', 'clavicula', 'umar_centura_scapulara', 'simptome', 'Simptome posibile pentru Clavicule', 'durere deasupra toracelui/umărului, umflare, vânătaie, umăr căzut, proeminență sau durere la mișcarea brațului.', 6),
  ('os', 'clavicula', 'clavicula', 'umar_centura_scapulara', 'cauze_posibile', 'Cauze posibile pentru durerea la Clavicule', 'cădere pe umăr, sport, bicicletă, accident; clavicula se fracturează frecvent prin impact pe umăr sau mână întinsă.', 6),
  ('os', 'clavicula', 'clavicula', 'umar_centura_scapulara', 'recomandari', 'Măsuri educaționale pentru Clavicule', 'imobilizare provizorie cu eșarfă/sling și evaluare medicală pentru deformare, durere severă sau limitare majoră; recuperarea include controlul durerii și mobilizare ghidată după recomandare.', 5),
  ('os', 'clavicula', 'clavicula', 'umar_centura_scapulara', 'semne_alarma', 'Semne de alarmă pentru Clavicule', 'urgență pentru deformare, amorțeală/slăbiciune în braț, piele palidă/rece, plagă deschisă sau traumă de energie mare.', 8),
  ('os', 'clavicula', 'clavicula', 'umar_centura_scapulara', 'intrebari_clarificare', 'Întrebări utile pentru Clavicule', 'Ai căzut pe umăr sau pe mâna întinsă? Poți ridica brațul? Există deformare, furnicături sau slăbiciune?', 4),
  ('os', 'scapula', 'scapula', 'umar_centura_scapulara', 'anatomie', 'Context anatomic: Scapule (omoplați)', 'Oase plate triunghiulare situate posterior pe torace. Funcție principală: Articulație pentru humerus; mobilitate amplă a brațului.', 7),
  ('os', 'scapula', 'scapula', 'umar_centura_scapulara', 'simptome', 'Simptome posibile pentru Scapule (omoplați)', 'durere la umăr/claviculă/omoplat, umflare, vânătaie, deformare, limitarea ridicării brațului sau durere la mișcările umărului.', 6),
  ('os', 'scapula', 'scapula', 'umar_centura_scapulara', 'cauze_posibile', 'Cauze posibile pentru durerea la Scapule (omoplați)', 'traumă de energie mai mare, lovitură directă posterioră sau accident rutier; fracturile scapulei pot asocia leziuni toracice.', 6),
  ('os', 'scapula', 'scapula', 'umar_centura_scapulara', 'recomandari', 'Măsuri educaționale pentru Scapule (omoplați)', 'imobilizare provizorie cu eșarfă/sling și evaluare medicală pentru deformare, durere severă sau limitare majoră; recuperarea include controlul durerii și mobilizare ghidată după recomandare.', 5),
  ('os', 'scapula', 'scapula', 'umar_centura_scapulara', 'semne_alarma', 'Semne de alarmă pentru Scapule (omoplați)', 'urgență pentru durere scapulară după accident major, dificultate de respirație, amorțeală/slăbiciune sau durere toracică asociată.', 8),
  ('os', 'scapula', 'scapula', 'umar_centura_scapulara', 'intrebari_clarificare', 'Întrebări utile pentru Scapule (omoplați)', 'Ai căzut pe umăr sau pe mâna întinsă? Poți ridica brațul? Există deformare, furnicături sau slăbiciune?', 4),
  ('os', 'humerus', 'humerus', 'brat', 'anatomie', 'Context anatomic: Humerus', 'Cel mai mare os al membrului superior, între umăr și cot. Funcție principală: Suport pentru mușchii brațului; permite mișcările umărului.', 7),
  ('os', 'humerus', 'humerus', 'brat', 'simptome', 'Simptome posibile pentru Humerus', 'durere la braț, umflare, vânătaie, deformare, dificultate la mișcarea umărului/cotului sau durere la folosirea brațului.', 6),
  ('os', 'humerus', 'humerus', 'brat', 'cauze_posibile', 'Cauze posibile pentru durerea la Humerus', 'cădere, impact direct, accident sportiv/rutier; durerea osoasă poate sugera contuzie, fractură de humerus sau leziuni ale articulațiilor vecine.', 6),
  ('os', 'humerus', 'humerus', 'brat', 'recomandari', 'Măsuri educaționale pentru Humerus', 'susține și imobilizează brațul dacă există suspiciune de fractură; caută evaluare medicală pentru durere severă, deformare sau imposibilitate de folosire.', 5),
  ('os', 'humerus', 'humerus', 'brat', 'semne_alarma', 'Semne de alarmă pentru Humerus', 'urgență pentru deformare, plagă deschisă, amorțeală/slăbiciune, mână rece/palidă sau durere severă după traumatism.', 8),
  ('os', 'humerus', 'humerus', 'brat', 'intrebari_clarificare', 'Întrebări utile pentru Humerus', 'A fost cădere sau lovitură? Poți mișca umărul și cotul? Ai amorțeală în mână sau deformare?', 4),
  ('os', 'radius', 'radius', 'antebrat', 'anatomie', 'Context anatomic: Radius', 'Osul lateral al antebrațului, pe partea policelui. Funcție principală: Permite rotația antebrațului (pronație/supinație).', 7),
  ('os', 'radius', 'radius', 'antebrat', 'simptome', 'Simptome posibile pentru Radius', 'durere între cot și încheietură, umflare, sensibilitate osoasă, deformare, durere la rotația antebrațului sau scăderea forței de prindere.', 6),
  ('os', 'radius', 'radius', 'antebrat', 'cauze_posibile', 'Cauze posibile pentru durerea la Radius', 'cădere pe mâna întinsă, torsiune, impact direct; radiusul și ulna se pot fractura izolat sau împreună, inclusiv la nivelul cotului sau încheieturii.', 6),
  ('os', 'radius', 'radius', 'antebrat', 'recomandari', 'Măsuri educaționale pentru Radius', 'imobilizează antebrațul și evită rotația dacă suspectezi fractură; consult medical pentru radiografie și tratament cu atelă/gips sau chirurgie în cazuri deplasate.', 5),
  ('os', 'radius', 'radius', 'antebrat', 'semne_alarma', 'Semne de alarmă pentru Radius', 'urgență pentru deformare, durere intensă, amorțeală, degete reci/palide, plagă deschisă sau durere disproporționată.', 8),
  ('os', 'radius', 'radius', 'antebrat', 'intrebari_clarificare', 'Întrebări utile pentru Radius', 'Durerea crește când rotești palma? Ai căzut pe mână? Poți mișca degetele și simți normal?', 4),
  ('os', 'ulna', 'ulna', 'antebrat', 'anatomie', 'Context anatomic: Ulnă (cubitus)', 'Osul medial al antebrațului, formează vârful cotului. Funcție principală: Stabilizează articulația cotului.', 7),
  ('os', 'ulna', 'ulna', 'antebrat', 'simptome', 'Simptome posibile pentru Ulnă (cubitus)', 'durere între cot și încheietură, umflare, sensibilitate osoasă, deformare, durere la rotația antebrațului sau scăderea forței de prindere.', 6),
  ('os', 'ulna', 'ulna', 'antebrat', 'cauze_posibile', 'Cauze posibile pentru durerea la Ulnă (cubitus)', 'cădere pe mâna întinsă, torsiune, impact direct; radiusul și ulna se pot fractura izolat sau împreună, inclusiv la nivelul cotului sau încheieturii.', 6),
  ('os', 'ulna', 'ulna', 'antebrat', 'recomandari', 'Măsuri educaționale pentru Ulnă (cubitus)', 'imobilizează antebrațul și evită rotația dacă suspectezi fractură; consult medical pentru radiografie și tratament cu atelă/gips sau chirurgie în cazuri deplasate.', 5),
  ('os', 'ulna', 'ulna', 'antebrat', 'semne_alarma', 'Semne de alarmă pentru Ulnă (cubitus)', 'urgență pentru deformare, durere intensă, amorțeală, degete reci/palide, plagă deschisă sau durere disproporționată.', 8),
  ('os', 'ulna', 'ulna', 'antebrat', 'intrebari_clarificare', 'Întrebări utile pentru Ulnă (cubitus)', 'Durerea crește când rotești palma? Ai căzut pe mână? Poți mișca degetele și simți normal?', 4),
  ('os', 'carp', 'carp', 'mana', 'anatomie', 'Context anatomic: Oase carpiene', '8 oase pe fiecare mână, dispuse pe două rânduri (scafoid, semilunar, piramidal etc.). Funcție principală: Formează încheietura mâinii; permit mobilitate fină.', 7),
  ('os', 'carp', 'carp', 'mana', 'simptome', 'Simptome posibile pentru Oase carpiene', 'durere la încheietură/palmă/degete, umflare, vânătaie, sensibilitate la apăsare, limitare la prindere, deformare sau durere în tabachera anatomică pentru scafoid.', 6),
  ('os', 'carp', 'carp', 'mana', 'cauze_posibile', 'Cauze posibile pentru durerea la Oase carpiene', 'cădere pe mână, lovire cu pumnul, strivire, torsiune a degetelor; pot apărea fracturi carpiene, metacarpiene sau falangiene.', 6),
  ('os', 'carp', 'carp', 'mana', 'recomandari', 'Măsuri educaționale pentru Oase carpiene', 'scoate inelele, aplică rece învelit, imobilizează și caută evaluare dacă există deformare, durere persistentă sau suspiciune de fractură; scafoidul necesită atenție pentru risc de vindecare dificilă.', 5),
  ('os', 'carp', 'carp', 'mana', 'semne_alarma', 'Semne de alarmă pentru Oase carpiene', 'urgență pentru degete amorțite/reci, deformare, plagă deschisă, imposibilitatea de a mișca degetele sau durere severă după traumă.', 8),
  ('os', 'carp', 'carp', 'mana', 'intrebari_clarificare', 'Întrebări utile pentru Oase carpiene', 'Unde doare: încheietură, palmă sau deget? Poți strânge pumnul? Există deformare, amorțeală sau durere la baza policelui?', 4),
  ('os', 'metacarp', 'metacarp', 'mana', 'anatomie', 'Context anatomic: Metacarpiene', '5 oase lungi în palma fiecărei mâini. Funcție principală: Susțin palma și articulează degetele.', 7),
  ('os', 'metacarp', 'metacarp', 'mana', 'simptome', 'Simptome posibile pentru Metacarpiene', 'durere la încheietură/palmă/degete, umflare, vânătaie, sensibilitate la apăsare, limitare la prindere, deformare sau durere în tabachera anatomică pentru scafoid.', 6),
  ('os', 'metacarp', 'metacarp', 'mana', 'cauze_posibile', 'Cauze posibile pentru durerea la Metacarpiene', 'cădere pe mână, lovire cu pumnul, strivire, torsiune a degetelor; pot apărea fracturi carpiene, metacarpiene sau falangiene.', 6),
  ('os', 'metacarp', 'metacarp', 'mana', 'recomandari', 'Măsuri educaționale pentru Metacarpiene', 'scoate inelele, aplică rece învelit, imobilizează și caută evaluare dacă există deformare, durere persistentă sau suspiciune de fractură; scafoidul necesită atenție pentru risc de vindecare dificilă.', 5),
  ('os', 'metacarp', 'metacarp', 'mana', 'semne_alarma', 'Semne de alarmă pentru Metacarpiene', 'urgență pentru degete amorțite/reci, deformare, plagă deschisă, imposibilitatea de a mișca degetele sau durere severă după traumă.', 8),
  ('os', 'metacarp', 'metacarp', 'mana', 'intrebari_clarificare', 'Întrebări utile pentru Metacarpiene', 'Unde doare: încheietură, palmă sau deget? Poți strânge pumnul? Există deformare, amorțeală sau durere la baza policelui?', 4),
  ('os', 'falange-mana', 'falange-mana', 'mana', 'anatomie', 'Context anatomic: Falange (mână)', '14 falange pe mână: 2 pentru police, 3 pentru fiecare deget. Funcție principală: Permit mișcarea fină a degetelor.', 7),
  ('os', 'falange-mana', 'falange-mana', 'mana', 'simptome', 'Simptome posibile pentru Falange (mână)', 'durere la încheietură/palmă/degete, umflare, vânătaie, sensibilitate la apăsare, limitare la prindere, deformare sau durere în tabachera anatomică pentru scafoid.', 6),
  ('os', 'falange-mana', 'falange-mana', 'mana', 'cauze_posibile', 'Cauze posibile pentru durerea la Falange (mână)', 'cădere pe mână, lovire cu pumnul, strivire, torsiune a degetelor; pot apărea fracturi carpiene, metacarpiene sau falangiene.', 6),
  ('os', 'falange-mana', 'falange-mana', 'mana', 'recomandari', 'Măsuri educaționale pentru Falange (mână)', 'scoate inelele, aplică rece învelit, imobilizează și caută evaluare dacă există deformare, durere persistentă sau suspiciune de fractură; scafoidul necesită atenție pentru risc de vindecare dificilă.', 5),
  ('os', 'falange-mana', 'falange-mana', 'mana', 'semne_alarma', 'Semne de alarmă pentru Falange (mână)', 'urgență pentru degete amorțite/reci, deformare, plagă deschisă, imposibilitatea de a mișca degetele sau durere severă după traumă.', 8),
  ('os', 'falange-mana', 'falange-mana', 'mana', 'intrebari_clarificare', 'Întrebări utile pentru Falange (mână)', 'Unde doare: încheietură, palmă sau deget? Poți strânge pumnul? Există deformare, amorțeală sau durere la baza policelui?', 4),
  ('os', 'coxal', 'coxal', 'pelvis', 'anatomie', 'Context anatomic: Oase coxale', 'Fiecare format din ilion, ischion și pubis fuzionate. Funcție principală: Formează pelvisul; suportă greutatea trunchiului.', 7),
  ('os', 'coxal', 'coxal', 'pelvis', 'simptome', 'Simptome posibile pentru Oase coxale', 'durere de bazin/șold/inghinal, dificultate la mers, durere la sprijin, sensibilitate după cădere sau traumă.', 6),
  ('os', 'coxal', 'coxal', 'pelvis', 'cauze_posibile', 'Cauze posibile pentru durerea la Oase coxale', 'cădere, accident, osteoporoză, traumă de energie mare; pot exista fracturi pelviene, leziuni ale șoldului sau contuzii profunde.', 6),
  ('os', 'coxal', 'coxal', 'pelvis', 'recomandari', 'Măsuri educaționale pentru Oase coxale', 'durerea de bazin după traumă cu imposibilitate de sprijin necesită evaluare urgentă; evită mersul și solicită ajutor medical.', 5),
  ('os', 'coxal', 'coxal', 'pelvis', 'semne_alarma', 'Semne de alarmă pentru Oase coxale', 'urgență pentru imposibilitate de mers/sprijin, durere severă după cădere, amețeală, traumă majoră sau suspiciune de sângerare internă.', 8),
  ('os', 'coxal', 'coxal', 'pelvis', 'intrebari_clarificare', 'Întrebări utile pentru Oase coxale', 'Poți sta în picioare? Durerea este inghinală sau laterală? A fost cădere/accident? Ai amețeală sau slăbiciune?', 4),
  ('os', 'femur', 'femur', 'coapsa_sold_genunchi', 'anatomie', 'Context anatomic: Femur', 'Cel mai lung și puternic os din corp. Funcție principală: Suportă greutatea corpului în mers și sprijin.', 7),
  ('os', 'femur', 'femur', 'coapsa_sold_genunchi', 'simptome', 'Simptome posibile pentru Femur', 'durere severă la coapsă/șold, imposibilitate de sprijin, umflare, deformare, scurtare sau rotație anormală a piciorului.', 6),
  ('os', 'femur', 'femur', 'coapsa_sold_genunchi', 'cauze_posibile', 'Cauze posibile pentru durerea la Femur', 'accident puternic, cădere, fractură de stres sau os slăbit de osteoporoză; fracturile femurale pot fi serioase și pot necesita chirurgie.', 6),
  ('os', 'femur', 'femur', 'coapsa_sold_genunchi', 'recomandari', 'Măsuri educaționale pentru Femur', 'suspiciunea de fractură de femur/șold sau rotulă necesită evaluare urgentă; membrul trebuie imobilizat și nu se forțează mersul.', 5),
  ('os', 'femur', 'femur', 'coapsa_sold_genunchi', 'semne_alarma', 'Semne de alarmă pentru Femur', 'urgență pentru imposibilitate de sprijin, deformare, durere severă, amorțeală, sângerare, traumă mare sau genunchi blocat după lovitură.', 8),
  ('os', 'femur', 'femur', 'coapsa_sold_genunchi', 'intrebari_clarificare', 'Întrebări utile pentru Femur', 'Poți pune greutate pe picior? Durerea este la șold, coapsă sau genunchi? A existat impact puternic sau cădere?', 4),
  ('os', 'rotula', 'rotula', 'coapsa_sold_genunchi', 'anatomie', 'Context anatomic: Rotule (patelă)', 'Os sesamoid în fața articulației genunchiului. Funcție principală: Protejează genunchiul și optimizează acțiunea cvadricepsului.', 7),
  ('os', 'rotula', 'rotula', 'coapsa_sold_genunchi', 'simptome', 'Simptome posibile pentru Rotule (patelă)', 'durere în fața genunchiului, umflare, vânătaie, dificultate la îndreptarea genunchiului sau la mers.', 6),
  ('os', 'rotula', 'rotula', 'coapsa_sold_genunchi', 'cauze_posibile', 'Cauze posibile pentru durerea la Rotule (patelă)', 'cădere direct pe genunchi, lovitură, contracție puternică a cvadricepsului; poate fi fractură de rotulă sau contuzie.', 6),
  ('os', 'rotula', 'rotula', 'coapsa_sold_genunchi', 'recomandari', 'Măsuri educaționale pentru Rotule (patelă)', 'suspiciunea de fractură de femur/șold sau rotulă necesită evaluare urgentă; membrul trebuie imobilizat și nu se forțează mersul.', 5),
  ('os', 'rotula', 'rotula', 'coapsa_sold_genunchi', 'semne_alarma', 'Semne de alarmă pentru Rotule (patelă)', 'urgență pentru imposibilitate de sprijin, deformare, durere severă, amorțeală, sângerare, traumă mare sau genunchi blocat după lovitură.', 8),
  ('os', 'rotula', 'rotula', 'coapsa_sold_genunchi', 'intrebari_clarificare', 'Întrebări utile pentru Rotule (patelă)', 'Poți îndrepta genunchiul? Ai căzut direct pe rotulă? Genunchiul s-a umflat rapid?', 4),
  ('os', 'tibia', 'tibia', 'gamba', 'anatomie', 'Context anatomic: Tibia', 'Osul medial și mai gros al gambei. Funcție principală: Suportă greutatea corpului între genunchi și gleznă.', 7),
  ('os', 'tibia', 'tibia', 'gamba', 'simptome', 'Simptome posibile pentru Tibia', 'durere la gambă, sensibilitate pe tibie/fibulă, umflare, vânătaie, durere la sprijin, deformare sau durere progresivă la efort în fractura de stres.', 6),
  ('os', 'tibia', 'tibia', 'gamba', 'cauze_posibile', 'Cauze posibile pentru durerea la Tibia', 'lovitură directă, cădere, torsiune, suprasolicitare prin alergare/sărituri, fractură tibială/fibulară sau contuzie osoasă.', 6),
  ('os', 'tibia', 'tibia', 'gamba', 'recomandari', 'Măsuri educaționale pentru Tibia', 'evită sprijinul dacă durerea este severă sau există deformare; consult pentru radiografie dacă durerea persistă, apare după traumă sau împiedică mersul.', 5),
  ('os', 'tibia', 'tibia', 'gamba', 'semne_alarma', 'Semne de alarmă pentru Tibia', 'urgență pentru deformare, durere severă, imposibilitate de sprijin, amorțeală, picior rece/palid sau durere intensă cu umflare progresivă.', 8),
  ('os', 'tibia', 'tibia', 'gamba', 'intrebari_clarificare', 'Întrebări utile pentru Tibia', 'Poți merge? Durerea e pe tibie sau lateral pe fibulă? A fost lovitură/torsiune sau efort repetitiv?', 4),
  ('os', 'fibula', 'fibula', 'gamba', 'anatomie', 'Context anatomic: Fibulă (peroneu)', 'Osul subțire lateral al gambei. Funcție principală: Stabilizează glezna; punct de inserție musculară.', 7),
  ('os', 'fibula', 'fibula', 'gamba', 'simptome', 'Simptome posibile pentru Fibulă (peroneu)', 'durere la gambă, sensibilitate pe tibie/fibulă, umflare, vânătaie, durere la sprijin, deformare sau durere progresivă la efort în fractura de stres.', 6),
  ('os', 'fibula', 'fibula', 'gamba', 'cauze_posibile', 'Cauze posibile pentru durerea la Fibulă (peroneu)', 'lovitură directă, cădere, torsiune, suprasolicitare prin alergare/sărituri, fractură tibială/fibulară sau contuzie osoasă.', 6),
  ('os', 'fibula', 'fibula', 'gamba', 'recomandari', 'Măsuri educaționale pentru Fibulă (peroneu)', 'evită sprijinul dacă durerea este severă sau există deformare; consult pentru radiografie dacă durerea persistă, apare după traumă sau împiedică mersul.', 5),
  ('os', 'fibula', 'fibula', 'gamba', 'semne_alarma', 'Semne de alarmă pentru Fibulă (peroneu)', 'urgență pentru deformare, durere severă, imposibilitate de sprijin, amorțeală, picior rece/palid sau durere intensă cu umflare progresivă.', 8),
  ('os', 'fibula', 'fibula', 'gamba', 'intrebari_clarificare', 'Întrebări utile pentru Fibulă (peroneu)', 'Poți merge? Durerea e pe tibie sau lateral pe fibulă? A fost lovitură/torsiune sau efort repetitiv?', 4),
  ('os', 'tars', 'tars', 'picior', 'anatomie', 'Context anatomic: Oase tarsiene', '7 oase pe picior, inclusiv calcaneu (călcâi) și astragal. Funcție principală: Formează glezna și partea posterioară a piciorului.', 7),
  ('os', 'tars', 'tars', 'picior', 'simptome', 'Simptome posibile pentru Oase tarsiene', 'durere la gleznă, călcâi, mijlocul piciorului sau degete, umflare, vânătaie, sensibilitate osoasă, durere la mers sau imposibilitate de sprijin.', 6),
  ('os', 'tars', 'tars', 'picior', 'cauze_posibile', 'Cauze posibile pentru durerea la Oase tarsiene', 'cădere, răsucire, impact, obiect căzut pe picior, alergare/suprasolicitare; pot fi fracturi tarsiene, metatarsiene, falangiene sau leziuni Lisfranc.', 6),
  ('os', 'tars', 'tars', 'picior', 'recomandari', 'Măsuri educaționale pentru Oase tarsiene', 'ridicare, rece învelit și reducerea sprijinului; consult dacă nu poți merge, durerea e intensă, există deformare sau suspiciune de fractură.', 5),
  ('os', 'tars', 'tars', 'picior', 'semne_alarma', 'Semne de alarmă pentru Oase tarsiene', 'urgență pentru imposibilitate de sprijin, deformare, plagă deschisă, amorțeală, degete reci/palide, diabet/boală vasculară cu rană sau durere după traumă.', 8),
  ('os', 'tars', 'tars', 'picior', 'intrebari_clarificare', 'Întrebări utile pentru Oase tarsiene', 'Poți face patru pași? Durerea e la gleznă, mijlocul piciorului, călcâi sau degete? Există deformare sau amorțeală?', 4),
  ('os', 'metatars', 'metatars', 'picior', 'anatomie', 'Context anatomic: Metatarsiene', '5 oase lungi în partea mijlocie a fiecărui picior. Funcție principală: Susțin bolta plantară și transferă greutatea.', 7),
  ('os', 'metatars', 'metatars', 'picior', 'simptome', 'Simptome posibile pentru Metatarsiene', 'durere la gleznă, călcâi, mijlocul piciorului sau degete, umflare, vânătaie, sensibilitate osoasă, durere la mers sau imposibilitate de sprijin.', 6),
  ('os', 'metatars', 'metatars', 'picior', 'cauze_posibile', 'Cauze posibile pentru durerea la Metatarsiene', 'cădere, răsucire, impact, obiect căzut pe picior, alergare/suprasolicitare; pot fi fracturi tarsiene, metatarsiene, falangiene sau leziuni Lisfranc.', 6),
  ('os', 'metatars', 'metatars', 'picior', 'recomandari', 'Măsuri educaționale pentru Metatarsiene', 'ridicare, rece învelit și reducerea sprijinului; consult dacă nu poți merge, durerea e intensă, există deformare sau suspiciune de fractură.', 5),
  ('os', 'metatars', 'metatars', 'picior', 'semne_alarma', 'Semne de alarmă pentru Metatarsiene', 'urgență pentru imposibilitate de sprijin, deformare, plagă deschisă, amorțeală, degete reci/palide, diabet/boală vasculară cu rană sau durere după traumă.', 8),
  ('os', 'metatars', 'metatars', 'picior', 'intrebari_clarificare', 'Întrebări utile pentru Metatarsiene', 'Poți face patru pași? Durerea e la gleznă, mijlocul piciorului, călcâi sau degete? Există deformare sau amorțeală?', 4),
  ('os', 'falange-picior', 'falange-picior', 'picior', 'anatomie', 'Context anatomic: Falange (picior)', '14 falange pe picior: 2 pentru haluce, 3 pentru fiecare deget. Funcție principală: Permit propulsia în mers și echilibrul.', 7),
  ('os', 'falange-picior', 'falange-picior', 'picior', 'simptome', 'Simptome posibile pentru Falange (picior)', 'durere la gleznă, călcâi, mijlocul piciorului sau degete, umflare, vânătaie, sensibilitate osoasă, durere la mers sau imposibilitate de sprijin.', 6),
  ('os', 'falange-picior', 'falange-picior', 'picior', 'cauze_posibile', 'Cauze posibile pentru durerea la Falange (picior)', 'cădere, răsucire, impact, obiect căzut pe picior, alergare/suprasolicitare; pot fi fracturi tarsiene, metatarsiene, falangiene sau leziuni Lisfranc.', 6),
  ('os', 'falange-picior', 'falange-picior', 'picior', 'recomandari', 'Măsuri educaționale pentru Falange (picior)', 'ridicare, rece învelit și reducerea sprijinului; consult dacă nu poți merge, durerea e intensă, există deformare sau suspiciune de fractură.', 5),
  ('os', 'falange-picior', 'falange-picior', 'picior', 'semne_alarma', 'Semne de alarmă pentru Falange (picior)', 'urgență pentru imposibilitate de sprijin, deformare, plagă deschisă, amorțeală, degete reci/palide, diabet/boală vasculară cu rană sau durere după traumă.', 8),
  ('os', 'falange-picior', 'falange-picior', 'picior', 'intrebari_clarificare', 'Întrebări utile pentru Falange (picior)', 'Poți face patru pași? Durerea e la gleznă, mijlocul piciorului, călcâi sau degete? Există deformare sau amorțeală?', 4);
